{"0.35": {"C1Route": {"EV": {"BatteryEnergy": 38.80189999999785, "TotalEnergyConsumed": 86.94901, "TotalEnergyRegenerated": 48.14441, "Speed": 12.357657210633155, "Acceleration": 6.694234020555281, "Distance": 18.15889073451353, "Noise": 58.35616067912757, "Effort": -5680094248960.0}}}}