{"0.0": {"C1Route": {"EV": {"BatteryEnergy": 12.270210000000027, "TotalEnergyConsumed": 21.760279999999998, "TotalEnergyRegenerated": 9.489930000000001, "ActualBatteryCapacity": 230.72965, "Speed": 27.559382124059937, "Acceleration": 13.297992967212387, "Distance": 3.3683689262739858, "Noise": 61.57142232302108, "Effort": -472446402560.0}}}}