{"0.35": {"C1Route": {"EV": {"BatteryEnergy": 45.184689999998014, "TotalEnergyConsumed": 99.63825, "TotalEnergyRegenerated": 54.45115, "Speed": 13.178847801994094, "Acceleration": 6.514465587228537, "Distance": 18.15386284724664, "Noise": 58.60194836049046, "Effort": -5324685705216.0}}}}