{
  "0.35": {
    "C1Route": {
      "EV": {
        "BatteryEnergy": 17.636510000000012,
        "TotalEnergyConsumed": 2.32523,
        "TotalEnergyRegenerated": 0.78583,
        "ActualBatteryCapacity": 241.46060999999997,
        "Speed": 33.26042574466084,
        "Acceleration": 42.83808626313859,
        "Distance": 0.3821264750536344,
        "Noise": 62.95587003680317,
        "Effort": -454192791552
      }
    }
  }
}